{
  "version": 1,
  "author": "Anonymous maker",
  "editor": "wokwi",
  "parts": [
    { "type": "wokwi-esp32-devkit-v1", "id": "esp", "top": 0, "left": 0, "attrs": {} },
    {
      "type": "wokwi-buzzer",
      "id": "bz1",
      "top": -49.34,
      "left": 158.6,
      "attrs": { "volume": "0.1" }
    },
    { "type": "wokwi-led", "id": "led1", "top": -76, "left": 106.99, "attrs": { "color": "red" } },
    {
      "type": "wokwi-pir-motion-sensor",
      "id": "pir1",
      "top": -188.46,
      "left": -52.74,
      "attrs": {}
    },
    {
      "type": "wokwi-ntc-temperature-sensor",
      "id": "ntc1",
      "top": -61.68,
      "left": -326.01,
      "attrs": {}
    }
  ],
  "connections": [
    [ "esp:TX0", "$serialMonitor:RX", "", [] ],
    [ "esp:RX0", "$serialMonitor:TX", "", [] ],
    [ "bz1:2", "esp:D4", "green", [ "v0" ] ],
    [ "bz1:1", "esp:GND.1", "green", [ "v0" ] ],
    [ "led1:A", "esp:D5", "green", [ "v0" ] ],
    [ "led1:C", "esp:GND.1", "green", [ "v0" ] ],
    [ "esp:D13", "pir1:OUT", "green", [ "h0" ] ],
    [ "pir1:GND", "esp:GND.2", "black", [ "v0" ] ],
    [ "pir1:VCC", "esp:3V3", "red", [ "v0" ] ],
    [ "ntc1:GND", "esp:GND.2", "black", [ "h0" ] ],
    [ "ntc1:VCC", "esp:3V3", "red", [ "h0" ] ],
    [ "ntc1:OUT", "esp:D12", "green", [ "h0" ] ]
  ],
  "dependencies": {}
}